"","source","target","value","label"
"1",20,26,70,70
"2",5,26,58,58
"3",4,26,452,452
"4",10,26,221,221
"5",17,26,286,286
"6",16,26,346,346
"7",22,26,62,62
"8",24,26,88,88
"9",3,26,89,89
"10",11,26,538,538
"11",8,26,48,48
"12",19,26,75,75
"13",25,26,120,120
"14",1,26,228,228
"15",13,26,113,113
"16",7,26,80,80
"17",14,26,399,399
"18",9,26,133,133
"19",18,26,92,92
"20",2,26,96,96
"21",0,26,2686,2686
"22",23,26,38,38
"23",12,26,100,100
"24",21,26,386,386
"25",15,26,61,61
"26",6,26,62,62
"27",20,27,468,468
"28",5,27,240,240
"29",4,27,233,233
"30",10,27,528,528
"31",17,27,143,143
"32",16,27,563,563
"33",22,27,339,339
"34",24,27,495,495
"35",3,27,415,415
"36",11,27,322,322
"37",8,27,305,305
"38",19,27,344,344
"39",25,27,102,102
"40",1,27,347,347
"41",13,27,538,538
"42",7,27,443,443
"43",14,27,220,220
"44",9,27,428,428
"45",18,27,382,382
"46",2,27,372,372
"47",0,27,6451,6451
"48",23,27,186,186
"49",12,27,498,498
"50",21,27,300,300
"51",15,27,379,379
"52",6,27,240,240
"53",20,28,188,188
"54",5,28,141,141
"55",4,28,33,33
"56",10,28,52,52
"57",17,28,35,35
"58",16,28,65,65
"59",22,28,184,184
"60",24,28,163,163
"61",3,28,522,522
"62",11,28,41,41
"63",8,28,192,192
"64",19,28,219,219
"65",25,28,14,14
"66",1,28,41,41
"67",13,28,55,55
"68",7,28,41,41
"69",14,28,44,44
"70",9,28,100,100
"71",18,28,278,278
"72",2,28,37,37
"73",0,28,4586,4586
"74",23,28,28,28
"75",12,28,62,62
"76",21,28,49,49
"77",15,28,91,91
"78",6,28,34,34
"79",26,41,113,113
"80",26,52,29,29
"81",26,54,36,36
"82",26,38,211,211
"83",26,50,36,36
"84",26,55,72,72
"85",26,35,740,740
"86",26,45,28,28
"87",26,44,71,71
"88",26,56,43,43
"89",26,30,66,66
"90",26,42,44,44
"91",26,36,278,278
"92",26,39,260,260
"93",26,37,160,160
"94",26,48,202,202
"95",26,43,26,26
"96",26,47,50,50
"97",26,34,317,317
"98",26,33,406,406
"99",26,32,2330,2330
"100",26,31,33,33
"101",26,29,838,838
"102",26,53,28,28
"103",26,49,19,19
"104",26,46,12,12
"105",26,51,50,50
"106",26,40,429,429
"107",27,41,212,212
"108",27,52,77,77
"109",27,54,199,199
"110",27,38,843,843
"111",27,50,169,169
"112",27,55,66,66
"113",27,35,1537,1537
"114",27,45,89,89
"115",27,44,170,170
"116",27,56,87,87
"117",27,30,183,183
"118",27,42,104,104
"119",27,36,615,615
"120",27,39,727,727
"121",27,37,418,418
"122",27,48,153,153
"123",27,43,74,74
"124",27,47,116,116
"125",27,34,545,545
"126",27,33,1092,1092
"127",27,32,4961,4961
"128",27,31,163,163
"129",27,29,1528,1528
"130",27,53,118,118
"131",27,49,32,32
"132",27,46,43,43
"133",27,51,58,58
"134",27,40,902,902
"135",28,41,105,105
"136",28,52,21,21
"137",28,54,50,50
"138",28,38,319,319
"139",28,50,24,24
"140",28,55,24,24
"141",28,35,670,670
"142",28,45,32,32
"143",28,44,78,78
"144",28,56,51,51
"145",28,30,45,45
"146",28,42,32,32
"147",28,36,239,239
"148",28,39,298,298
"149",28,37,183,183
"150",28,48,51,51
"151",28,43,23,23
"152",28,47,26,26
"153",28,34,221,221
"154",28,33,376,376
"155",28,32,1929,1929
"156",28,31,52,52
"157",28,29,1415,1415
"158",28,53,26,26
"159",28,49,79,79
"160",28,46,372,372
"161",28,51,59,59
"162",28,40,495,495
